{"train/loss_heatmap": 1.862954957485199, "train/layer_-1_loss_cls": 1.0374460351467132, "train/layer_-1_loss_bbox": 16.91830181121826, "train/matched_ious": 0.19648469746112823, "train/loss": 19.81870304107666, "train/grad_norm": 15.767050170898438, "learning_rate": 0.00010000434373554459, "momentum": 0.8999995427646795, "_timestamp": 1664458404.154783, "_runtime": 713.6185328960419, "_step": 200}