{"train/loss_heatmap": 1.775476586818695, "train/layer_-1_loss_cls": 0.5817554044723511, "train/layer_-1_loss_bbox": 15.03959077835083, "train/matched_ious": 0.23334892809391022, "train/loss": 17.39682258605957, "train/grad_norm": 17.3169806098938, "learning_rate": 0.00010000436602032408, "momentum": 0.8999995404189133, "_timestamp": 1664418351.956686, "_runtime": 687.776447057724, "_step": 400}