{"train/loss_heatmap": 0.4756870180368423, "train/layer_-1_loss_cls": 0.10142269104719162, "train/layer_-1_loss_bbox": 3.5730127811431887, "train/matched_ious": 0.6354781758785247, "train/loss": 4.150122461318969, "train/grad_norm": 7.985858058929443, "learning_rate": 0.00011066525110954854, "momentum": 0.8988773419884686, "_timestamp": 1664483699.280672, "_runtime": 23202.456346035004, "_step": 13175, "val/Vehicle/L1 mAP": 0.0549322, "val/Vehicle/L1 mAPH": 0.0542127, "val/Vehicle/L2 mAP": 0.0468803, "val/Vehicle/L2 mAPH": 0.0462659, "val/Pedestrian/L1 mAP": 0.0563144, "val/Pedestrian/L1 mAPH": 0.0477766, "val/Pedestrian/L2 mAP": 0.0467384, "val/Pedestrian/L2 mAPH": 0.0396481, "val/Sign/L1 mAP": 0.0, "val/Sign/L1 mAPH": 0.0, "val/Sign/L2 mAP": 0.0, "val/Sign/L2 mAPH": 0.0, "val/Cyclist/L1 mAP": 0.0329147, "val/Cyclist/L1 mAPH": 0.0313198, "val/Cyclist/L2 mAP": 0.0316522, "val/Cyclist/L2 mAPH": 0.0301185, "val/Overall/L1 mAP": 0.048053766666666664, "val/Overall/L1 mAPH": 0.04443636666666667, "val/Overall/L2 mAP": 0.041756966666666666, "val/Overall/L2 mAPH": 0.0386775, "_wandb": {"runtime": 23206}}